{
  "height": 14,
  "width": 93,
  "x": 266.26251220703125,
  "y": 251.16250610351562
}